{"name":"Header navigation through sections","id":"home-page;header-navigation-through-sections","testSteps":[{"number":1,"description":"Given I go to the Login page","duration":2527,"startTime":"2022-05-31T21:59:44.555+02:00[Europe/Berlin]","result":"SUCCESS","precondition":false,"level":0},{"number":2,"description":"And I login with valid credentials","duration":216,"startTime":"2022-05-31T21:59:47.082+02:00[Europe/Berlin]","result":"SUCCESS","precondition":false,"level":0},{"number":3,"description":"When the Header elements are displayed","duration":160,"startTime":"2022-05-31T21:59:47.298+02:00[Europe/Berlin]","result":"SUCCESS","precondition":false,"level":0},{"number":4,"description":"And I click on the Products button of the header navigation","duration":61,"startTime":"2022-05-31T21:59:47.459+02:00[Europe/Berlin]","result":"SUCCESS","precondition":false,"level":0},{"number":5,"description":"Then the title of the page contains the word \u0027Products\u0027","duration":121,"startTime":"2022-05-31T21:59:47.520+02:00[Europe/Berlin]","screenshots":[{"screenshot":"5a16bfd6391ca9d27ea7cdd5d6022135663c5f22e2fcfddf9f106092ccdba0dc.png","htmlSource":"pagesource2095667788398835780.html","timeStamp":1654027187640}],"exception":{"errorType":"java.lang.AssertionError","message":"[Title does not contain expected text] \r\nExpecting:\r\n \u003c\"Single Page Application\"\u003e\r\nto contain:\r\n \u003c\"Products\"\u003e ","stackTrace":[{"declaringClass":"functionaltests.stepdefinitions.CommonSteps","methodName":"theTitleOfThePageContainsTheWordProducts","fileName":"CommonSteps.java","lineNumber":59},{"declaringClass":"✽","methodName":"the title of the page contains the word \u0027Products\u0027","fileName":"file:///D:/PROG/repo/GitHub/abna/src/test/resources/features/HomePage.feature","lineNumber":30}]},"result":"FAILURE","precondition":false,"level":0},{"number":6,"description":"When I click on the Contact button of the header navigation","duration":5,"startTime":"2022-05-31T21:59:47.641+02:00[Europe/Berlin]","result":"SKIPPED","precondition":false,"level":0},{"number":7,"description":"Then the title of the page contains the word \u0027Contact\u0027","duration":3,"startTime":"2022-05-31T21:59:47.646+02:00[Europe/Berlin]","result":"SKIPPED","precondition":false,"level":0},{"number":8,"description":"When I click on the Home button of the header navigation","duration":3,"startTime":"2022-05-31T21:59:47.649+02:00[Europe/Berlin]","result":"SKIPPED","precondition":false,"level":0},{"number":9,"description":"Then the Home page main text is displayed","duration":4,"startTime":"2022-05-31T21:59:47.652+02:00[Europe/Berlin]","result":"SKIPPED","precondition":false,"level":0}],"userStory":{"id":"home-page","storyName":"Home Page","displayName":"Home Page","path":"HomePage.feature","narrative":"  As a logged in customer\n  I want to be able to navigate the different sections of the site","type":"feature"},"featureTag":{"name":"Home Page","type":"feature","displayName":"Home Page"},"title":"Header navigation through sections","description":"","backgroundTitle":"","backgroundDescription":"","tags":[{"name":"HomePage","type":"tag","displayName":"HomePage"},{"name":"HeaderNavigation","type":"tag","displayName":"HeaderNavigation"},{"name":"Home Page","type":"feature","displayName":"Home Page"}],"startTime":"2022-05-31T21:59:44.553+02:00[Europe/Berlin]","duration":3764,"testFailureCause":{"errorType":"java.lang.AssertionError","message":"[Title does not contain expected text] \r\nExpecting:\r\n \u003c\"Single Page Application\"\u003e\r\nto contain:\r\n \u003c\"Products\"\u003e ","stackTrace":[{"declaringClass":"functionaltests.stepdefinitions.CommonSteps","methodName":"theTitleOfThePageContainsTheWordProducts","fileName":"CommonSteps.java","lineNumber":59},{"declaringClass":"✽","methodName":"the title of the page contains the word \u0027Products\u0027","fileName":"file:///D:/PROG/repo/GitHub/abna/src/test/resources/features/HomePage.feature","lineNumber":30}]},"testFailureClassname":"java.lang.AssertionError","testFailureMessage":"[Title does not contain expected text] \r\nExpecting:\r\n \u003c\"Single Page Application\"\u003e\r\nto contain:\r\n \u003c\"Products\"\u003e ","testFailureSummary":"FAILURE;java.lang.AssertionError;[Title does not contain expected text] \r\nExpecting:\r\n \u003c\"Single Page Application\"\u003e\r\nto contain:\r\n \u003c\"Products\"\u003e ;CommonSteps.java","projectKey":"","annotatedResult":"FAILURE","isManualTestingUpToDate":false,"manual":false,"testSource":"Cucumber","result":"FAILURE"}