{"name":"Header elements are present","id":"home-page;header-elements-are-present","testSteps":[{"number":1,"description":"Given I go to the Login page","duration":4528,"startTime":"2022-05-31T21:59:31.008+02:00[Europe/Berlin]","result":"SUCCESS","precondition":false,"level":0},{"number":2,"description":"And I login with valid credentials","duration":224,"startTime":"2022-05-31T21:59:35.539+02:00[Europe/Berlin]","result":"SUCCESS","precondition":false,"level":0},{"number":3,"description":"Then the Header elements are displayed","duration":345,"startTime":"2022-05-31T21:59:35.764+02:00[Europe/Berlin]","result":"SUCCESS","precondition":false,"level":0}],"userStory":{"id":"home-page","storyName":"Home Page","displayName":"Home Page","path":"HomePage.feature","narrative":"  As a logged in customer\n  I want to be able to navigate the different sections of the site","type":"feature"},"featureTag":{"name":"Home Page","type":"feature","displayName":"Home Page"},"title":"Header elements are present","description":"","backgroundTitle":"","backgroundDescription":"","tags":[{"name":"HomePage","type":"tag","displayName":"HomePage"},{"name":"HeaderNavigation","type":"tag","displayName":"HeaderNavigation"},{"name":"Smoke","type":"tag","displayName":"Smoke"},{"name":"Home Page","type":"feature","displayName":"Home Page"}],"startTime":"2022-05-31T21:59:30.911+02:00[Europe/Berlin]","duration":5891,"projectKey":"","isManualTestingUpToDate":false,"manual":false,"testSource":"Cucumber","result":"SUCCESS"}