{"name":"Contact page","id":"home-page;contact-page","testSteps":[{"number":1,"description":"Given I go to the Login page","duration":2524,"startTime":"2022-05-31T21:59:40.790+02:00[Europe/Berlin]","result":"SUCCESS","precondition":false,"level":0},{"number":2,"description":"And I login with valid credentials","duration":204,"startTime":"2022-05-31T21:59:43.315+02:00[Europe/Berlin]","result":"SUCCESS","precondition":false,"level":0},{"number":3,"description":"When the Header elements are displayed","duration":155,"startTime":"2022-05-31T21:59:43.520+02:00[Europe/Berlin]","result":"SUCCESS","precondition":false,"level":0},{"number":4,"description":"And I click on the Contact button of the header navigation","duration":60,"startTime":"2022-05-31T21:59:43.675+02:00[Europe/Berlin]","result":"SUCCESS","precondition":false,"level":0},{"number":5,"description":"Then the title of the page contains the word \u0027Contact\u0027","duration":126,"startTime":"2022-05-31T21:59:43.735+02:00[Europe/Berlin]","screenshots":[{"screenshot":"4dbb50a98c93ecbf851a0a7b62b6ce7a5bf3d5ba11aad4ff4fc689eb16a90fce.png","htmlSource":"pagesource2520086937628194900.html","timeStamp":1654027183860}],"exception":{"errorType":"java.lang.AssertionError","message":"[Title does not contain expected text] \r\nExpecting:\r\n \u003c\"Single Page Application\"\u003e\r\nto contain:\r\n \u003c\"Contact\"\u003e ","stackTrace":[{"declaringClass":"functionaltests.stepdefinitions.CommonSteps","methodName":"theTitleOfThePageContainsTheWordProducts","fileName":"CommonSteps.java","lineNumber":59},{"declaringClass":"✽","methodName":"the title of the page contains the word \u0027Contact\u0027","fileName":"file:///D:/PROG/repo/GitHub/abna/src/test/resources/features/HomePage.feature","lineNumber":24}]},"result":"FAILURE","precondition":false,"level":0}],"userStory":{"id":"home-page","storyName":"Home Page","displayName":"Home Page","path":"HomePage.feature","narrative":"  As a logged in customer\n  I want to be able to navigate the different sections of the site","type":"feature"},"featureTag":{"name":"Home Page","type":"feature","displayName":"Home Page"},"title":"Contact page","description":"","backgroundTitle":"","backgroundDescription":"","tags":[{"name":"HomePage","type":"tag","displayName":"HomePage"},{"name":"Home Page","type":"feature","displayName":"Home Page"},{"name":"ContactPage","type":"tag","displayName":"ContactPage"}],"startTime":"2022-05-31T21:59:40.787+02:00[Europe/Berlin]","duration":3759,"testFailureCause":{"errorType":"java.lang.AssertionError","message":"[Title does not contain expected text] \r\nExpecting:\r\n \u003c\"Single Page Application\"\u003e\r\nto contain:\r\n \u003c\"Contact\"\u003e ","stackTrace":[{"declaringClass":"functionaltests.stepdefinitions.CommonSteps","methodName":"theTitleOfThePageContainsTheWordProducts","fileName":"CommonSteps.java","lineNumber":59},{"declaringClass":"✽","methodName":"the title of the page contains the word \u0027Contact\u0027","fileName":"file:///D:/PROG/repo/GitHub/abna/src/test/resources/features/HomePage.feature","lineNumber":24}]},"testFailureClassname":"java.lang.AssertionError","testFailureMessage":"[Title does not contain expected text] \r\nExpecting:\r\n \u003c\"Single Page Application\"\u003e\r\nto contain:\r\n \u003c\"Contact\"\u003e ","testFailureSummary":"FAILURE;java.lang.AssertionError;[Title does not contain expected text] \r\nExpecting:\r\n \u003c\"Single Page Application\"\u003e\r\nto contain:\r\n \u003c\"Contact\"\u003e ;CommonSteps.java","projectKey":"","annotatedResult":"FAILURE","isManualTestingUpToDate":false,"manual":false,"testSource":"Cucumber","result":"FAILURE"}