{"name":"Authenticated user maintains browser session across tabs","id":"login;authenticated-user-maintains-browser-session-across-tabs","testSteps":[{"number":1,"description":"Given I go to the Login page","duration":2575,"startTime":"2022-05-31T22:00:30.764+02:00[Europe/Berlin]","result":"SUCCESS","precondition":false,"level":0},{"number":2,"description":"Given I login with valid credentials","duration":191,"startTime":"2022-05-31T22:00:33.339+02:00[Europe/Berlin]","result":"SUCCESS","precondition":false,"level":0},{"number":3,"description":"And the Home page main text is displayed","duration":38,"startTime":"2022-05-31T22:00:33.531+02:00[Europe/Berlin]","result":"SUCCESS","precondition":false,"level":0},{"number":4,"description":"When I open a second browser tab","duration":24,"startTime":"2022-05-31T22:00:33.570+02:00[Europe/Berlin]","result":"SUCCESS","precondition":false,"level":0},{"number":5,"description":"And I go to the base url","duration":225,"startTime":"2022-05-31T22:00:33.595+02:00[Europe/Berlin]","result":"SUCCESS","precondition":false,"level":0},{"number":6,"description":"Then the Home page main text is displayed","duration":39,"startTime":"2022-05-31T22:00:33.821+02:00[Europe/Berlin]","result":"SUCCESS","precondition":false,"level":0},{"number":7,"description":"And the Header elements are displayed","duration":139,"startTime":"2022-05-31T22:00:33.861+02:00[Europe/Berlin]","result":"SUCCESS","precondition":false,"level":0}],"userStory":{"id":"login","storyName":"Login","displayName":"Login","path":"Login.feature","narrative":"  As a non logged in customer\n  I want to be able to login","type":"feature"},"featureTag":{"name":"Login","type":"feature","displayName":"Login"},"title":"Authenticated user maintains browser session across tabs","description":"","backgroundTitle":"","backgroundDescription":"","tags":[{"name":"Login","type":"feature","displayName":"Login"},{"name":"Login","type":"tag","displayName":"Login"},{"name":"LoginBrowserSession","type":"tag","displayName":"LoginBrowserSession"}],"startTime":"2022-05-31T22:00:30.763+02:00[Europe/Berlin]","duration":3890,"projectKey":"","isManualTestingUpToDate":false,"manual":false,"testSource":"Cucumber","result":"SUCCESS"}