{"name":"Login page shows login form","id":"login;login-page-shows-login-form","testSteps":[{"number":1,"description":"Given I go to the Login page","duration":2595,"startTime":"2022-05-31T21:59:48.328+02:00[Europe/Berlin]","result":"SUCCESS","precondition":false,"level":0},{"number":2,"description":"Then all elements of the Login page are displayed","duration":101,"startTime":"2022-05-31T21:59:50.924+02:00[Europe/Berlin]","result":"SUCCESS","precondition":false,"level":0},{"number":3,"description":"And the welcome message of the Login page is \u0027Automation doesn\u0027t stop at testing, it\u0027s just a beginning!\u0027","duration":31,"startTime":"2022-05-31T21:59:51.025+02:00[Europe/Berlin]","result":"SUCCESS","precondition":false,"level":0}],"userStory":{"id":"login","storyName":"Login","displayName":"Login","path":"Login.feature","narrative":"  As a non logged in customer\n  I want to be able to login","type":"feature"},"featureTag":{"name":"Login","type":"feature","displayName":"Login"},"title":"Login page shows login form","description":"","backgroundTitle":"","backgroundDescription":"","tags":[{"name":"Login","type":"feature","displayName":"Login"},{"name":"Login","type":"tag","displayName":"Login"},{"name":"Smoke","type":"tag","displayName":"Smoke"}],"startTime":"2022-05-31T21:59:48.326+02:00[Europe/Berlin]","duration":3410,"projectKey":"","isManualTestingUpToDate":false,"manual":false,"testSource":"Cucumber","result":"SUCCESS"}