{"name":"Login with invalid credentials - \u003creference\u003e","id":"login;login-with-invalid-credentials---\u003creference\u003e","testSteps":[{"number":1,"description":"1: Login with invalid credentials - Invalid Password ({reference\u003dInvalid Password, username\u003dadmin@admin.com, password\u003dwrongPassword})","duration":5510,"startTime":"2022-05-31T22:00:02.688+02:00[Europe/Berlin]","result":"SUCCESS","precondition":false,"level":0,"lineNumber":37,"children":[{"number":2,"description":"Given I go to the Login page","duration":2519,"startTime":"2022-05-31T22:00:02.689+02:00[Europe/Berlin]","result":"SUCCESS","precondition":false,"level":1},{"number":3,"description":"When I enter username admin@admin.com in the login form","duration":52,"startTime":"2022-05-31T22:00:05.208+02:00[Europe/Berlin]","result":"SUCCESS","precondition":false,"level":1},{"number":4,"description":"And I enter password wrongPassword in the login form","duration":53,"startTime":"2022-05-31T22:00:05.261+02:00[Europe/Berlin]","result":"SUCCESS","precondition":false,"level":1},{"number":5,"description":"And I click the Login button of the login form","duration":73,"startTime":"2022-05-31T22:00:05.315+02:00[Europe/Berlin]","result":"SUCCESS","precondition":false,"level":1},{"number":6,"description":"Then the Home page main text is not displayed","duration":2141,"startTime":"2022-05-31T22:00:05.388+02:00[Europe/Berlin]","result":"SUCCESS","precondition":false,"level":1}]},{"number":7,"description":"2: Login with invalid credentials - Empty Password ({reference\u003dEmpty Password, username\u003dadmin@admin.com, password\u003d})","duration":5612,"startTime":"2022-05-31T22:00:08.203+02:00[Europe/Berlin]","result":"SUCCESS","precondition":false,"level":0,"lineNumber":38,"children":[{"number":8,"description":"Given I go to the Login page","duration":2616,"startTime":"2022-05-31T22:00:08.205+02:00[Europe/Berlin]","result":"SUCCESS","precondition":false,"level":1},{"number":9,"description":"When I enter username admin@admin.com in the login form","duration":52,"startTime":"2022-05-31T22:00:10.822+02:00[Europe/Berlin]","result":"SUCCESS","precondition":false,"level":1},{"number":10,"description":"And I enter password  in the login form","duration":52,"startTime":"2022-05-31T22:00:10.876+02:00[Europe/Berlin]","result":"SUCCESS","precondition":false,"level":1},{"number":11,"description":"And I click the Login button of the login form","duration":81,"startTime":"2022-05-31T22:00:10.928+02:00[Europe/Berlin]","result":"SUCCESS","precondition":false,"level":1},{"number":12,"description":"Then the Home page main text is not displayed","duration":2145,"startTime":"2022-05-31T22:00:11.009+02:00[Europe/Berlin]","result":"SUCCESS","precondition":false,"level":1}]},{"number":13,"description":"3: Login with invalid credentials - Empty Username ({reference\u003dEmpty Username, username\u003d, password\u003d123456})","duration":5659,"startTime":"2022-05-31T22:00:13.821+02:00[Europe/Berlin]","result":"SUCCESS","precondition":false,"level":0,"lineNumber":39,"children":[{"number":14,"description":"Given I go to the Login page","duration":2646,"startTime":"2022-05-31T22:00:13.822+02:00[Europe/Berlin]","result":"SUCCESS","precondition":false,"level":1},{"number":15,"description":"When I enter username  in the login form","duration":45,"startTime":"2022-05-31T22:00:16.469+02:00[Europe/Berlin]","result":"SUCCESS","precondition":false,"level":1},{"number":16,"description":"And I enter password 123456 in the login form","duration":53,"startTime":"2022-05-31T22:00:16.515+02:00[Europe/Berlin]","result":"SUCCESS","precondition":false,"level":1},{"number":17,"description":"And I click the Login button of the login form","duration":80,"startTime":"2022-05-31T22:00:16.568+02:00[Europe/Berlin]","result":"SUCCESS","precondition":false,"level":1},{"number":18,"description":"Then the Home page main text is not displayed","duration":2159,"startTime":"2022-05-31T22:00:16.648+02:00[Europe/Berlin]","result":"SUCCESS","precondition":false,"level":1}]},{"number":19,"description":"4: Login with invalid credentials - Non existing Username ({reference\u003dNon existing Username, username\u003dadmin@admin.co, password\u003d2020})","duration":5689,"startTime":"2022-05-31T22:00:19.487+02:00[Europe/Berlin]","result":"SUCCESS","precondition":false,"level":0,"lineNumber":40,"children":[{"number":20,"description":"Given I go to the Login page","duration":2710,"startTime":"2022-05-31T22:00:19.489+02:00[Europe/Berlin]","result":"SUCCESS","precondition":false,"level":1},{"number":21,"description":"When I enter username admin@admin.co in the login form","duration":52,"startTime":"2022-05-31T22:00:22.200+02:00[Europe/Berlin]","result":"SUCCESS","precondition":false,"level":1},{"number":22,"description":"And I enter password 2020 in the login form","duration":53,"startTime":"2022-05-31T22:00:22.253+02:00[Europe/Berlin]","result":"SUCCESS","precondition":false,"level":1},{"number":23,"description":"And I click the Login button of the login form","duration":76,"startTime":"2022-05-31T22:00:22.307+02:00[Europe/Berlin]","result":"SUCCESS","precondition":false,"level":1},{"number":24,"description":"Then the Home page main text is not displayed","duration":2150,"startTime":"2022-05-31T22:00:22.384+02:00[Europe/Berlin]","result":"SUCCESS","precondition":false,"level":1}]},{"number":25,"description":"5: Login with invalid credentials - Empty Username and Password ({reference\u003dEmpty Username and Password, username\u003d, password\u003d})","duration":5576,"startTime":"2022-05-31T22:00:25.181+02:00[Europe/Berlin]","result":"SUCCESS","precondition":false,"level":0,"lineNumber":41,"children":[{"number":26,"description":"Given I go to the Login page","duration":2571,"startTime":"2022-05-31T22:00:25.182+02:00[Europe/Berlin]","result":"SUCCESS","precondition":false,"level":1},{"number":27,"description":"When I enter username  in the login form","duration":51,"startTime":"2022-05-31T22:00:27.754+02:00[Europe/Berlin]","result":"SUCCESS","precondition":false,"level":1},{"number":28,"description":"And I enter password  in the login form","duration":48,"startTime":"2022-05-31T22:00:27.806+02:00[Europe/Berlin]","result":"SUCCESS","precondition":false,"level":1},{"number":29,"description":"And I click the Login button of the login form","duration":79,"startTime":"2022-05-31T22:00:27.855+02:00[Europe/Berlin]","result":"SUCCESS","precondition":false,"level":1},{"number":30,"description":"Then the Home page main text is not displayed","duration":2155,"startTime":"2022-05-31T22:00:27.935+02:00[Europe/Berlin]","result":"SUCCESS","precondition":false,"level":1}]}],"userStory":{"id":"login","storyName":"Login","displayName":"Login","path":"Login.feature","narrative":"  As a non logged in customer\n  I want to be able to login","type":"feature"},"featureTag":{"name":"Login","type":"feature","displayName":"Login"},"title":"Login with invalid credentials - \u003creference\u003e","description":"","backgroundTitle":"","backgroundDescription":"","tags":[{"name":"Login","type":"feature","displayName":"Login"},{"name":"Login","type":"tag","displayName":"Login"},{"name":"Smoke","type":"tag","displayName":"Smoke"},{"name":"LoginInvalidCredentials","type":"tag","displayName":"LoginInvalidCredentials"}],"startTime":"2022-05-31T22:00:02.687+02:00[Europe/Berlin]","duration":28071,"projectKey":"","isManualTestingUpToDate":false,"dataTable":{"headers":["reference","username","password"],"rows":[{"values":["Invalid Password","admin@admin.com","wrongPassword"],"lineNumber":37,"result":"SUCCESS"},{"values":["Empty Password","admin@admin.com",""],"lineNumber":38,"result":"SUCCESS"},{"values":["Empty Username","","123456"],"lineNumber":39,"result":"SUCCESS"},{"values":["Non existing Username","admin@admin.co","2020"],"lineNumber":40,"result":"SUCCESS"},{"values":["Empty Username and Password","",""],"lineNumber":41,"result":"SUCCESS"}],"predefinedRows":true,"scenarioOutline":"When I enter username \u003cusername\u003e in the login form\n\rAnd I enter password \u003cpassword\u003e in the login form\n\rAnd I click the Login button of the login form\n\rThen the Home page main text is not displayed\n\r","dataSetDescriptors":[{"startRow":0,"rowCount":0,"name":"","description":""}]},"manual":false,"testSource":"Cucumber","result":"SUCCESS","scenarioOutline":"When I enter username \u003cusername\u003e in the login form\r\nAnd I enter password \u003cpassword\u003e in the login form\r\nAnd I click the Login button of the login form\r\nThen the Home page main text is not displayed"}