{"name":"Authenticated user can logout","id":"logout;authenticated-user-can-logout","testSteps":[{"number":1,"description":"Given I go to the Login page","duration":2476,"startTime":"2022-05-31T22:00:34.664+02:00[Europe/Berlin]","result":"SUCCESS","precondition":false,"level":0},{"number":2,"description":"And I login with valid credentials","duration":186,"startTime":"2022-05-31T22:00:37.141+02:00[Europe/Berlin]","result":"SUCCESS","precondition":false,"level":0},{"number":3,"description":"And the Header elements are displayed","duration":149,"startTime":"2022-05-31T22:00:37.328+02:00[Europe/Berlin]","result":"SUCCESS","precondition":false,"level":0},{"number":4,"description":"Then the Sign Out button is not displayed","duration":2148,"startTime":"2022-05-31T22:00:37.477+02:00[Europe/Berlin]","result":"SUCCESS","precondition":false,"level":0},{"number":5,"description":"When I click the user menu button","duration":64,"startTime":"2022-05-31T22:00:39.625+02:00[Europe/Berlin]","result":"SUCCESS","precondition":false,"level":0},{"number":6,"description":"Then the Sign Out button is displayed","duration":41,"startTime":"2022-05-31T22:00:39.689+02:00[Europe/Berlin]","result":"SUCCESS","precondition":false,"level":0},{"number":7,"description":"When I click on the Sign Out button","duration":63,"startTime":"2022-05-31T22:00:39.731+02:00[Europe/Berlin]","result":"SUCCESS","precondition":false,"level":0},{"number":8,"description":"Then the Home page main text is not displayed","duration":2158,"startTime":"2022-05-31T22:00:39.794+02:00[Europe/Berlin]","result":"SUCCESS","precondition":false,"level":0},{"number":9,"description":"And all elements of the Login page are displayed","duration":109,"startTime":"2022-05-31T22:00:41.952+02:00[Europe/Berlin]","result":"SUCCESS","precondition":false,"level":0}],"userStory":{"id":"logout","storyName":"Logout","displayName":"Logout","path":"Logout.feature","narrative":"  As a logged in customer\n  I want to be able to log out from the system","type":"feature"},"featureTag":{"name":"Logout","type":"feature","displayName":"Logout"},"title":"Authenticated user can logout","description":"","backgroundTitle":"","backgroundDescription":"","tags":[{"name":"Logout","type":"feature","displayName":"Logout"},{"name":"Smoke","type":"tag","displayName":"Smoke"},{"name":"Logout","type":"tag","displayName":"Logout"},{"name":"LogoutBasic","type":"tag","displayName":"LogoutBasic"}],"startTime":"2022-05-31T22:00:34.662+02:00[Europe/Berlin]","duration":8058,"projectKey":"","isManualTestingUpToDate":false,"manual":false,"testSource":"Cucumber","result":"SUCCESS"}